order_id,user_id,product_id,date_time,quantity,revenue,is_proper
158784,16598,11,2018-10-06 09:13:04,1,1200,TRUE
148763,14184,3,2019-09-06 22:22:42,2,3600,TRUE
191638,11026,1,2017-7-9 15:26:59,1,2000,TRUE
117808,17690,2,2019-09-13 19:45:32,1,1980,FALSE
195020,14415,2,2019-10-06 09:39:35,1,2200,TRUE
179867,11202,4,2019-06-29 12:07:50,1,2400,TRUE
133789,12397,1,2019-09-29 15:25:22,1,2000,TRUE
119187,17684,6,2019-04-28 12:41:13,1,3600,TRUE
166243,14990,2,2019-01-28 18:05:17,1,2200,TRUE
106258,17848,13,2018-11-28 20:32:43,1,1000,TRUE
182809,17277,1,2018-12-26 02:35:07,1,2000,TRUE
127239,17684,5,2017-07-06 11:23:34,1,2800,TRUE
190256,15928,15,2019-11-05 09:40:49,1,3000,TRUE
149966,16612,11,2019-06-27 13:54:03,1,1200,TRUE
111955,19022,5,2019-01-14 19:25:12,1,2800,TRUE
195480,12850,14,2017-03-31 16:36:24,1,1600,TRUE
129065,15706,11,2019-03-25 15:25:01,1,1200,TRUE
173335,18152,5,2017-11-17 14:16:00,1,2800,TRUE
101071,12066,6,2019-05-30 23:59:20,3,9720,FALSE
113393,17449,4,2019-01-25 22:53:08,1,2400,TRUE
130302,15899,2,2017-07-23 12:01:14,2,4400,TRUE
145546,15302,1,2017-10-27 11:22:38,1,2000,TRUE
111837,18007,1,2019-09-20 15:34:09,1,2000,TRUE
179196,16816,14,2017-05-12 15:53:02,3,4800,TRUE
173960,19935,5,2017-03-30 09:24:43,1,2800,TRUE
102786,15703,1,2018-10-15 12:32:37,1,2000,TRUE
114257,10182,2,2019-09-08 10:45:20,1,2200,TRUE
125898,15424,5,2018-01-20 13:09:41,1,2800,TRUE
184867,16881,1,2019-06-04 15:51:35,1,2000,TRUE
104386,19669,14,2017-12-19 12:11:22,1,1600,TRUE
172700,19307,2,2019-08-16 19:38:35,1,2200,TRUE
178552,15681,1,2019-12-13 12:43:46,1,2000,TRUE
129886,18415,2,2019-03-25 20:53:07,1,2200,TRUE
102847,15015,1,2019-01-01 13:09:31,1,2000,TRUE
102488,12214,1,2018-12-06 16:47:22,1,2000,TRUE
173411,15834,1,2017-09-30 18:03:23,1,2000,TRUE
122675,14020,1,2018-10-20 20:28:23,1,2000,TRUE
141877,18338,2,2017-12-29 11:09:20,1,1760,FALSE
156957,19156,1,2018-06-16 21:30:56,1,2000,TRUE
136911,16448,1,2018-02-16 22:57:35,1,2000,TRUE
134864,16178,15,2018-02-20 09:13:37,2,6000,TRUE
180832,18705,1,2018-02-07 09:31:41,1,2000,TRUE
172206,19690,1,2019-06-23 05:19:44,1,2000,TRUE
200134,19505,10,2019-06-28 13:48:55,1,2250,FALSE
133989,18152,2,2018-09-15 23:25:31,1,1980,FALSE
190863,12022,14,2018-09-07 14:11:46,1,1440,FALSE
155551,11954,4,2018-05-04 20:20:10,1,2400,TRUE
148195,17440,1,2018-02-15 23:30:08,1,2000,TRUE
163165,17016,14,2017-05-14 20:51:38,3,4800,TRUE
170470,12172,1,2019-9-30 14:08:08,1,2000,TRUE
197640,11411,11,2019-09-01 22:44:23,1,1200,TRUE
168655,12132,1,2018-01-31 11:25:30,1,1800,FALSE
120697,10697,15,2018-11-24 08:53:31,1,3000,TRUE
119163,13353,4,2019-12-13 09:37:13,1,2400,TRUE
140112,19888,10,2017-11-17 21:44:10,1,2000,FALSE
152720,19651,15,2018-07-07 15:58:00,2,6000,TRUE
143142,14761,3,2019-05-25 18:36:22,1,1800,TRUE
186693,17716,5,2019-02-17 16:38:30,1,2800,TRUE
160483,12791,15,2017-08-04 10:40:08,1,3000,TRUE
124753,17977,11,2018-11-15 13:40:45,1,1080,FALSE
155167,15432,14,2019-12-09 20:55:14,1,1600,TRUE
135031,15707,5,2019-05-09 11:37:22,1,2800,TRUE
178792,14369,5,2018-07-19 12:06:26,1,2800,TRUE
142201,17690,1,2017-11-25 07:07:52,1,2000,TRUE
104461,14854,5,2018-10-26 11:55:41,1,2800,TRUE
142034,16682,4,2019-04-07 20:04:23,1,2400,TRUE
196871,14160,11,2018-03-29 14:33:20,1,1200,TRUE
107009,18381,12,2019-04-13 06:30:45,1,1500,TRUE
181375,17341,2,2017-06-24 10:55:58,1,2200,TRUE
180331,17232,15,2017-01-20 15:45:44,1,3000,TRUE
162865,15929,2,2018-06-18 13:08:35,2,4400,TRUE
164170,17469,15,2018-08-05 12:54:14,1,3000,TRUE
142881,12084,12,2018-09-18 10:03:35,1,1350,FALSE
115767,15571,15,2019-10-03 19:41:39,1,3000,TRUE
108428,17977,4,2017-04-09 13:41:16,1,2400,TRUE
142441,17150,9,2018-10-18 11:43:57,1,1200,TRUE
114860,13887,1,2017-05-18 21:25:57,1,2000,TRUE
149646,11944,5,2019-06-27 22:23:02,1,2800,TRUE
120343,16618,12,2019-04-26 11:56:40,1,1500,TRUE
185395,16653,1,2018-06-28 15:32:22,2,3600,FALSE
156548,13321,10,2018-08-02 18:57:35,1,2500,TRUE
184380,16873,5,2018-03-21 02:37:26,1,2520,FALSE
109300,18338,12,2018-12-26 00:29:42,1,1500,TRUE
101946,17692,14,2017-06-19 19:03:30,1,1440,FALSE
168369,16286,1,2018-01-07 20:41:33,1,2000,TRUE
159882,14110,1,2017-07-28 02:47:33,2,4000,TRUE
192631,12326,1,2018-02-23 23:10:50,1,2000,TRUE
122634,16730,15,2017-03-08 08:35:47,1,3000,TRUE
188372,17025,15,2017-10-28 21:45:19,1,3000,TRUE
129208,18945,12,2017-12-06 22:08:02,1,1500,TRUE
175655,13950,1,2017-09-18 12:24:52,1,2000,TRUE
183173,17264,15,2019-08-20 16:48:17,1,3000,TRUE
180686,13436,11,2019-07-14 14:51:34,1,1200,TRUE
121424,18954,2,2018-05-08 06:00:45,2,4400,TRUE
185621,16133,1,2019-04-30 06:28:39,1,2000,TRUE
118039,19505,2,2017-11-05 13:25:38,1,2200,TRUE
121772,12579,12,2018-12-07 09:31:31,1,1200,FALSE
199761,15388,1,2019-03-23 07:08:34,1,2000,TRUE
108685,19888,2,2017-04-21 21:06:34,1,2200,TRUE
125798,15283,13,2018-02-07 06:49:36,1,1000,TRUE
108524,18761,2,2019-01-15 23:22:20,3,6600,TRUE
194064,18948,11,2019-02-20 20:48:56,1,1200,TRUE
137300,15704,12,2019-07-23 11:16:45,1,1500,TRUE
149736,16616,15,2019-06-23 21:41:48,1,3000,TRUE
167289,16332,1,2017-07-07 19:29:01,1,2000,TRUE
190565,13835,2,2017-03-26 11:03:43,1,2200,TRUE
148210,17929,2,2018-03-20 13:08:50,1,2200,TRUE
121083,16363,11,2019-05-02 12:30:22,1,1080,FALSE
148388,19576,1,2017-07-27 11:24:21,1,2000,TRUE
101539,10899,1,2019-11-27 16:17:09,1,2000,TRUE
109600,15603,7,2017-05-31 22:56:00,1,1200,TRUE
123125,11116,1,2017-04-29 11:52:52,1,2000,TRUE
177810,16664,1,2018-05-24 04:20:46,1,2000,TRUE
132188,19442,1,2017-12-16 12:48:04,1,1800,FALSE
133433,16420,2,2019-02-10 23:59:19,1,2200,TRUE
173368,17016,1,2019-02-10 09:20:00,1,2000,TRUE
188610,14266,15,2019-04-15 15:55:36,1,3000,TRUE
197036,19177,2,2019-8-11 18:59:19,1,2200,TRUE
179632,17807,1,2019-10-09 08:23:30,1,2000,TRUE
169609,12588,6,2018-07-29 06:21:22,2,7200,TRUE
169953,14596,3,2017-09-24 02:14:29,1,1800,TRUE
105784,19935,2,2019-06-09 16:32:35,1,2200,TRUE
122906,18778,10,2018-4-14 13:40:59,2,4000,FALSE
112747,17928,2,2018-08-09 06:35:23,1,2200,TRUE
178669,17861,2,2019-11-29 20:29:15,2,4400,TRUE
104141,19651,15,2019-01-29 13:23:40,1,2700,FALSE
196737,16801,1,2018-01-27 18:30:11,1,1800,FALSE
179065,17959,15,2018-03-07 08:35:39,1,3000,TRUE
152845,12866,12,2019-04-15 13:36:09,1,1500,TRUE
148222,18700,15,2019-06-09 12:43:47,1,3000,TRUE
155525,15732,5,2018-03-06 20:15:22,2,5600,TRUE
181912,14304,15,2019-10-13 08:31:36,1,3000,TRUE
124116,12984,14,2018-11-30 14:28:41,1,1600,TRUE
119589,16556,2,2018-06-02 18:31:13,1,2200,TRUE
139750,16873,1,2018-01-22 10:25:15,2,4000,TRUE
123417,13246,2,2019-05-07 15:47:37,1,2200,TRUE
118320,14914,10,2018-07-08 20:45:52,1,2500,TRUE
128584,19669,3,2019-05-26 09:58:38,1,1800,TRUE
133962,17693,1,2019-09-27 14:34:40,1,2000,TRUE
117635,16232,13,2018-05-20 15:47:49,1,900,FALSE
102186,17992,1,2019-02-16 09:24:08,1,2000,TRUE
179887,18709,11,2018-08-03 10:10:25,1,1200,TRUE
121325,19540,1,2018-04-11 18:26:05,1,2000,TRUE
124326,17040,6,2019-06-14 10:17:56,2,7200,TRUE
116176,16252,1,2018-04-23 13:56:31,1,1800,FALSE
128355,12829,9,2018-05-25 17:27:02,1,1200,TRUE
146560,16570,14,2017-06-30 17:03:10,1,1600,TRUE
178480,12562,6,2019-08-16 20:05:02,1,3600,TRUE
140120,17069,15,2018-2-7 18:59:56,1,3000,TRUE
139496,15348,1,2019-12-05 07:19:37,1,2000,TRUE
113936,10380,4,2017-12-14 22:12:08,1,2400,TRUE
193637,18640,15,2018-10-15 12:21:44,1,3000,TRUE
135181,19275,6,2019-04-14 19:51:54,1,3600,TRUE
104544,16446,10,2019-03-24 12:15:51,1,2500,TRUE
154573,14603,11,2017-06-25 02:15:14,1,1200,TRUE
141255,15416,2,2018-11-24 16:00:58,1,2200,TRUE
119497,19935,3,2017-05-10 16:19:52,1,1800,TRUE
118272,13848,15,2017-09-24 13:55:48,3,9000,TRUE
136817,12881,13,2018-10-06 15:24:23,1,1000,TRUE
196005,16872,1,2019-07-17 10:58:33,1,2000,TRUE
193271,15834,1,2019-04-05 15:45:27,2,4000,TRUE
196295,16722,11,2019-06-15 09:44:50,1,1200,TRUE
171318,15095,2,2019-11-07 03:25:09,1,2200,TRUE
148299,13755,11,2019-11-26 23:12:52,1,960,FALSE
188321,17180,15,2019-02-08 13:50:36,1,3000,TRUE
153602,16522,13,2019-07-04 19:43:17,1,1000,TRUE
101389,13911,1,2019-08-31 18:28:24,1,1800,FALSE
162373,19022,12,2017-12-11 20:48:11,2,3000,TRUE
156596,13492,4,2019-12-16 03:00:49,1,2400,TRUE
155569,14182,2,2019-07-01 15:40:26,1,2200,TRUE
155449,19275,1,2018-02-07 09:44:07,1,1800,FALSE
144247,19805,1,2017-01-21 18:11:42,2,4000,TRUE
185625,14776,12,2018-07-18 10:51:56,1,1500,TRUE
149627,15994,13,2018-04-13 22:12:42,1,1000,TRUE
164975,17685,2,2017-04-18 18:58:20,1,2200,TRUE
134728,15810,2,2019-01-21 23:27:20,1,2200,TRUE
126531,19940,1,2018-7-11 09:59:01,1,2000,TRUE
156943,16208,11,2018-10-10 10:04:35,3,3600,TRUE
152071,19307,13,2019-05-08 10:54:48,1,1000,TRUE
118539,14586,6,2017-05-28 18:22:23,1,3600,TRUE
170870,12374,5,2018-06-16 09:10:27,1,2800,TRUE
124602,12660,1,2019-09-07 22:38:20,1,2000,TRUE
184471,17817,13,2019-04-27 13:43:38,2,2000,TRUE
139701,15969,1,2019-03-28 05:10:34,2,4000,TRUE
181954,16377,15,2018-07-18 11:52:50,1,3000,TRUE
119295,17049,13,2018-02-04 06:42:01,1,900,FALSE
177062,16996,10,2018-05-27 11:55:53,2,5000,TRUE
148916,18948,13,2018-04-15 10:27:16,2,2000,TRUE
113663,16492,1,2017-11-20 15:14:53,1,1600,FALSE
196927,16133,1,2018-04-15 06:09:41,1,1800,FALSE
183543,17861,15,2019-01-10 23:24:48,1,2700,FALSE
120699,15520,2,2018-12-16 13:05:17,1,1980,FALSE
142041,14008,13,2018-11-18 20:04:59,1,1000,TRUE
147266,18576,2,2019-01-16 07:39:40,1,2200,TRUE
142363,17809,1,2019-10-30 14:41:12,1,1800,FALSE
159383,18214,2,2019-07-25 12:16:31,1,2200,TRUE
176138,18923,4,2018-01-13 10:42:30,1,2400,TRUE
155464,13994,1,2019-07-20 14:49:03,1,2000,TRUE
102297,19805,1,2019-04-25 21:08:42,1,2000,TRUE
174066,17114,5,2018-10-06 17:44:08,1,2800,TRUE
152883,11425,1,2019-02-05 11:30:16,1,2000,TRUE
189458,16871,15,2017-04-07 11:38:16,2,6000,TRUE
119805,14118,2,2019-01-01 22:51:59,1,2200,TRUE
104479,17720,14,2019-08-24 17:58:59,2,3200,TRUE
166574,12054,1,2019-09-10 20:20:08,1,2000,TRUE
141098,19655,2,2019-12-18 13:07:51,1,2200,TRUE
155743,15706,2,2017-6-3 14:20:59,1,2200,TRUE
150760,17341,2,2017-07-19 12:43:41,1,2200,TRUE
166569,18246,15,2019-01-31 15:00:04,1,3000,TRUE
100749,17469,1,2018-05-04 23:10:22,1,2000,TRUE
175251,12068,15,2018-08-16 19:40:22,1,3000,TRUE
163315,19375,13,2019-10-29 09:19:53,2,2000,TRUE
155430,18152,14,2018-01-01 15:58:21,2,3200,TRUE
158101,16056,13,2017-12-31 13:10:43,1,1000,TRUE
144303,18415,15,2018-11-04 07:58:47,1,3000,TRUE
160408,14998,5,2017-05-05 12:20:49,1,2800,TRUE
112321,16253,15,2019-03-26 03:17:58,1,3000,TRUE
162895,13003,1,2018-06-19 01:46:11,1,2000,TRUE
173266,16116,15,2018-11-27 18:10:05,1,2700,FALSE
105131,19000,1,2017-06-23 20:12:29,1,1800,FALSE
136869,10462,5,2018-03-25 09:20:42,2,5040,FALSE
126621,10814,2,2017-12-01 11:00:26,2,4400,TRUE
145021,18874,2,2019-09-12 08:59:36,1,2200,TRUE
191800,15868,2,2019-01-25 22:16:21,1,2200,TRUE
199692,16151,2,2019-06-03 23:23:01,1,2200,TRUE
118685,17624,12,2017-10-01 21:48:49,1,1500,TRUE
174986,11487,1,2019-09-01 15:26:13,1,2000,TRUE
195957,18415,1,2019-06-28 06:56:02,1,2000,TRUE
171787,10627,4,2019-04-08 14:26:10,3,7200,TRUE
173889,18705,9,2019-09-12 10:57:23,1,1200,TRUE
173912,15546,15,2017-12-22 15:44:20,1,3000,TRUE
169147,18878,15,2018-08-04 09:53:07,1,2700,FALSE
197391,16881,15,2018-4-24 05:56:59,1,3000,TRUE
135400,16304,3,2018-04-29 06:35:16,1,1800,TRUE
164217,16522,15,2017-09-23 23:38:30,1,3000,TRUE
107753,14760,4,2018-05-08 14:26:29,1,2400,TRUE
179250,13222,14,2018-10-14 07:08:54,2,3200,TRUE
157756,14254,12,2018-02-03 11:37:48,1,1500,TRUE
113777,19888,6,2018-04-11 21:49:51,1,3600,TRUE
191766,17690,13,2017-03-09 23:55:25,2,2000,TRUE
141606,17237,2,2018-05-24 20:36:40,2,4400,TRUE
166149,17696,1,2017-02-25 10:06:55,2,4000,TRUE
199515,18338,1,2019-07-13 08:13:27,1,2000,TRUE
140672,19805,1,2019-11-08 07:25:59,1,2000,TRUE
120332,17237,2,2017-10-30 21:20:37,1,1980,FALSE
173231,10510,1,2017-11-26 10:16:53,1,2000,TRUE
111174,16800,10,2019-11-15 16:21:30,1,2500,TRUE
139309,18589,5,2017-02-17 12:51:30,1,2800,TRUE
105724,18705,15,2018-10-18 22:52:15,1,3000,TRUE
119917,10465,5,2019-03-31 06:33:15,1,2800,TRUE
106948,15776,2,2017-10-11 19:47:39,1,2200,TRUE
172776,17040,1,2018-07-13 10:34:33,1,1600,FALSE
125495,12161,1,2018-11-26 20:15:06,1,2000,TRUE
199454,15703,2,2019-09-22 21:56:18,2,4400,TRUE
129767,17013,15,2018-01-15 07:46:15,1,3000,TRUE
104487,17172,2,2017-04-16 08:54:33,1,2200,TRUE
136221,17236,1,2017-11-18 12:46:27,1,1800,FALSE
155797,16936,2,2017-06-05 20:32:21,1,2200,TRUE
170904,18261,15,2018-02-07 13:32:10,1,3000,TRUE
119929,15906,2,2017-11-29 11:10:16,1,1760,FALSE
128399,19065,15,2019-02-19 13:32:21,1,3000,TRUE
130815,14024,14,2018-07-16 17:13:00,1,1600,TRUE
175729,19540,5,2019-03-15 11:18:33,2,5600,TRUE
104508,12631,4,2018-05-20 22:48:35,1,2400,TRUE
200073,16420,1,2018-04-15 10:12:30,2,4000,TRUE
193972,17049,15,2017-06-07 08:08:00,1,3000,TRUE
128349,17693,14,2018-07-07 16:07:30,1,1600,TRUE
179826,12787,14,2017-10-07 11:41:32,1,1600,TRUE
143094,19342,1,2018-10-17 06:08:22,1,2000,TRUE
172845,10755,4,2017-10-14 10:18:27,1,2400,TRUE
147178,16962,1,2018-12-12 12:25:17,1,2000,TRUE
106954,10329,15,2017-08-03 03:18:45,2,6000,TRUE
101469,19805,15,2019-12-31 13:26:25,1,3000,TRUE
161313,17069,2,2018-01-15 19:00:07,1,2200,TRUE
103688,18761,1,2019-01-08 12:27:44,1,2000,TRUE
174959,11959,1,2018-12-21 00:22:02,1,2000,TRUE
163219,16288,2,2019-03-29 16:26:57,1,2200,TRUE
124315,17216,2,2017-07-07 13:18:49,3,5280,FALSE
161771,15106,12,2019-2-26 12:13:20,1,1500,TRUE
130900,13247,14,2017-07-19 17:30:38,1,1440,FALSE
153098,17675,12,2017-01-04 01:32:32,1,1500,TRUE
163465,19375,1,2018-07-17 11:42:43,1,1600,FALSE
183502,17808,14,2017-02-25 16:10:35,1,1600,TRUE
124144,10385,11,2019-07-03 13:10:51,1,1080,FALSE
178183,13048,15,2018-06-06 20:38:49,1,3000,TRUE
102387,18023,12,2017-12-15 07:22:28,1,1500,TRUE
180722,11412,1,2019-10-12 06:43:20,2,4000,TRUE
198101,17264,12,2019-09-12 03:09:50,1,1500,TRUE
148177,17033,2,2017-04-27 00:49:05,3,6600,TRUE
107319,19651,13,2017-08-04 12:42:59,1,1000,TRUE
145005,16686,2,2018-09-03 03:49:27,1,2200,TRUE
103579,17264,2,2018-02-16 21:50:57,3,6600,TRUE
138584,16226,1,2018-09-03 10:07:26,1,2000,TRUE
190794,16296,10,2017-08-01 19:01:57,1,2250,FALSE
147881,17917,1,2018-07-19 22:37:02,1,2000,TRUE
168949,14147,1,2018-08-13 17:29:47,1,2000,TRUE
199644,12164,5,2018-01-08 14:39:47,2,5600,TRUE
191573,13538,2,2018-09-07 13:45:23,2,4400,TRUE
145710,17807,2,2019-04-08 00:41:22,1,2200,TRUE
160007,16612,1,2017-11-20 08:59:09,1,2000,TRUE
183866,13125,3,2018-04-23 16:18:31,1,1800,TRUE
184864,19940,1,2018-02-01 14:59:17,4,8000,TRUE
114652,12260,11,2019-2-27 07:29:43,1,1080,FALSE
139596,14316,10,2019-04-20 12:37:59,1,2500,TRUE
181200,13507,14,2018-11-14 01:37:27,2,2560,FALSE
124676,12664,13,2017-07-19 19:02:48,2,2000,TRUE
164309,13672,2,2019-12-23 15:44:35,1,2200,TRUE
120120,18948,8,2018-09-27 02:25:08,1,1200,TRUE
100407,15686,2,2019-04-18 11:19:31,1,1980,FALSE
163922,19342,12,2019-10-21 10:23:08,1,1500,TRUE
104740,17272,2,2017-06-06 09:05:36,1,1980,FALSE
116821,19935,15,2019-07-14 09:14:26,1,3000,TRUE
125330,15313,15,2018-02-21 14:05:04,3,9000,TRUE
166434,17817,8,2017-03-26 17:20:24,1,1200,TRUE
153467,19805,1,2017-12-19 11:31:38,1,2000,TRUE
166417,17438,2,2019-11-24 13:24:48,1,2200,TRUE
142775,18705,1,2019-11-25 22:45:12,1,2000,TRUE
163388,16940,5,2019-12-30 23:30:54,1,2800,TRUE
158263,19471,14,2017-05-03 20:18:24,2,3200,TRUE
141181,13646,1,2019-03-07 12:12:11,1,2000,TRUE
194290,13012,2,2019-12-13 17:38:29,3,6600,TRUE
135701,17469,5,2018-01-10 01:16:52,2,5600,TRUE
198721,13725,1,2018-07-15 18:26:06,2,4000,TRUE
137356,17236,5,2018-10-02 01:10:56,1,2800,TRUE
109003,16816,10,2018-02-15 08:44:04,1,2500,TRUE
190998,19576,7,2019-06-04 12:08:27,1,1200,TRUE
171080,10436,1,2017-05-16 11:11:17,1,2000,TRUE
178838,17692,11,2019-09-15 10:58:20,2,2160,FALSE
160807,11182,1,2018-11-24 10:00:33,2,4000,TRUE
162459,13712,1,2018-12-01 09:51:20,2,4000,TRUE
136285,19576,2,2019-04-02 11:12:15,1,2200,TRUE
127551,15680,15,2019-09-09 11:44:06,1,3000,TRUE
145689,16713,15,2018-4-17 18:52:59,2,6000,TRUE
120043,17673,1,2019-06-23 13:35:49,1,2000,TRUE
107546,17720,5,2019-02-07 19:11:31,1,2800,TRUE
102610,19022,5,2019-02-14 13:42:29,3,8400,TRUE
192147,10319,2,2019-07-17 14:42:11,2,4400,TRUE
168967,15732,11,2019-04-25 12:16:07,1,1200,TRUE
104711,19655,12,2017-11-18 06:38:59,1,1500,TRUE
104371,14186,12,2018-11-24 20:04:40,1,1500,TRUE
164565,15044,1,2017-06-20 11:56:59,1,2000,TRUE
139703,17977,2,2019-05-27 07:40:23,1,2200,TRUE
190171,16304,1,2017-04-04 15:29:26,2,4000,TRUE
182857,16349,15,2018-02-16 10:22:32,2,6000,TRUE
144739,14486,1,2017-07-14 12:56:49,1,2000,TRUE
108282,13224,7,2018-07-12 14:54:39,1,1200,TRUE
164579,14274,11,2019-2-28 23:39:46,1,1200,TRUE
110267,17928,1,2019-01-24 10:35:50,1,2000,TRUE
150631,10736,5,2018-10-10 10:38:34,1,2800,TRUE
103725,14590,5,2019-01-02 19:38:07,1,2800,TRUE
162349,15533,5,2019-09-23 23:01:07,2,5600,TRUE
187190,10439,2,2018-06-05 11:14:22,1,1760,FALSE
187826,16801,1,2017-08-12 11:48:23,1,1800,FALSE
147112,17685,1,2018-11-29 13:40:52,1,2000,TRUE
187459,15132,2,2017-03-21 17:22:27,1,2200,TRUE
114376,12808,9,2019-6-30 19:44:10,1,1200,TRUE
189376,12358,5,2019-09-25 07:25:54,2,5600,TRUE
179820,17230,14,2019-05-08 05:11:42,1,1600,TRUE
123836,17101,13,2019-02-21 14:35:53,1,1000,TRUE
142737,13245,6,2019-05-05 09:41:15,1,3240,FALSE
154326,11512,1,2019-03-22 12:06:39,1,2000,TRUE
180270,16151,13,2019-03-04 12:44:24,1,1000,TRUE
148221,14600,1,2019-05-09 07:50:01,1,2000,TRUE
174039,16871,14,2019-06-05 12:44:25,2,3200,TRUE
199023,18769,14,2018-06-06 12:26:34,1,1600,TRUE
167622,11581,1,2019-01-28 17:58:49,1,1800,FALSE
178992,17929,7,2018-06-01 12:18:07,1,1200,TRUE
139173,17808,14,2017-05-17 09:40:19,1,1600,TRUE
107805,19888,12,2018-11-15 08:50:25,1,1500,TRUE
139966,16116,1,2017-08-24 10:21:11,1,2000,TRUE
139790,12055,2,2018-12-28 11:43:59,1,2200,TRUE
195756,13420,15,2019-12-18 18:32:18,1,3000,TRUE
176217,17438,9,2018-12-29 18:35:51,2,2400,TRUE
178515,10206,13,2019-02-06 15:04:02,1,1000,TRUE
187106,16252,1,2019-04-04 14:13:28,1,2000,TRUE
123532,18589,12,2017-01-16 17:09:18,1,1500,TRUE
110733,17172,1,2018-10-21 03:19:56,1,2000,TRUE
166096,16872,13,2017-08-26 01:28:21,1,1000,TRUE
145538,16668,13,2017-01-10 11:25:11,1,1000,TRUE
147762,17022,3,2018-08-28 22:45:02,1,1800,TRUE
108240,16707,1,2017-10-09 23:33:46,1,2000,TRUE
139884,17097,6,2018-01-24 23:40:26,1,3600,TRUE
190528,16936,10,2019-3-30 22:42:59,1,2500,TRUE
109223,15026,1,2018-11-30 12:42:21,2,4000,TRUE
117897,14408,6,2017-02-13 12:53:39,1,3600,TRUE
139427,18763,1,2018-06-03 23:44:26,1,2000,TRUE
187540,14454,15,2018-05-27 08:02:02,1,3000,TRUE
126716,18381,1,2017-04-02 08:23:48,1,2000,TRUE
191853,16349,15,2017-06-13 23:09:00,1,2700,FALSE
177236,15054,2,2019-9-2 14:45:59,1,1980,FALSE
109666,16226,2,2018-05-04 08:32:09,1,2200,TRUE
133883,17720,2,2019-07-20 20:18:49,1,1980,FALSE
170439,19940,3,2018-01-09 13:15:23,1,1800,TRUE
198016,16492,1,2017-06-06 11:56:38,2,4000,TRUE
145785,19611,1,2017-03-31 22:41:38,1,2000,TRUE
128203,13362,3,2019-10-11 21:15:21,2,2880,FALSE
161079,16906,1,2018-01-17 11:37:12,1,2000,TRUE
167090,18954,2,2017-05-02 15:36:32,1,2200,TRUE
102790,12492,1,2017-02-23 21:59:04,2,4000,TRUE
155791,16286,1,2018-01-25 19:01:07,1,2000,TRUE
133328,19669,3,2019-04-04 10:37:35,1,1800,TRUE
156379,17992,1,2018-09-14 20:29:12,1,2000,TRUE
146526,17341,2,2019-01-09 06:11:40,1,2200,TRUE
105718,15929,5,2017-04-06 03:28:05,1,2800,TRUE
100840,10187,14,2019-12-18 13:21:50,1,1440,FALSE
155917,19442,1,2019-04-07 20:27:38,1,2000,TRUE
102303,16024,15,2018-4-19 10:04:59,1,3000,TRUE
146855,19392,1,2019-04-27 23:56:59,1,2000,TRUE
107019,12012,2,2019-12-21 05:27:30,1,2200,TRUE
154103,18576,1,2018-10-30 11:01:12,1,2000,TRUE
192919,17232,2,2017-02-21 09:14:20,3,6600,TRUE
177289,19471,3,2019-10-18 21:43:04,1,1800,TRUE
112503,12360,5,2019-06-20 19:55:00,1,2800,TRUE
109561,17449,1,2019-12-08 23:46:47,1,2000,TRUE
152811,10547,7,2017-10-26 17:53:11,1,1200,TRUE
125983,12318,15,2017-02-10 13:32:57,1,3000,TRUE
184519,16870,1,2019-03-11 09:42:14,1,2000,TRUE
166086,15531,11,2019-08-30 19:48:49,1,1200,TRUE
123261,16664,14,2019-6-24 10:38:59,1,1600,TRUE
115006,15928,14,2019-01-25 00:47:30,1,1440,FALSE
166312,15404,1,2018-09-18 23:44:32,2,4000,TRUE
144995,19275,1,2018-04-10 03:08:56,1,2000,TRUE
149610,19375,1,2017-06-03 11:52:59,2,4000,TRUE
163367,17238,1,2018-02-01 09:48:19,1,2000,TRUE
177730,18367,15,2018-01-15 23:01:58,1,3000,TRUE
145188,17277,14,2017-04-11 11:42:22,2,3200,TRUE
179677,14072,1,2018-02-07 12:57:35,1,2000,TRUE
173873,18874,4,2019-09-24 12:53:21,2,4800,TRUE
181563,17440,2,2018-4-30 20:23:25,1,2200,TRUE
167163,16121,6,2018-04-02 11:40:43,1,3600,TRUE
146197,17277,1,2018-01-05 12:47:07,1,2000,TRUE
110631,13192,1,2018-06-08 22:47:07,1,2000,TRUE
138746,11893,14,2017-10-27 15:56:13,1,1600,TRUE
142666,17808,14,2018-09-15 01:44:36,2,3200,TRUE
186162,17097,13,2019-10-17 12:10:59,1,1000,TRUE
162163,10445,1,2017-07-22 20:15:33,1,2000,TRUE
116989,16618,15,2017-03-09 16:47:16,1,3000,TRUE
172344,12854,2,2018-10-10 10:39:03,1,2200,TRUE
194819,19375,1,2018-05-01 11:06:22,1,1800,FALSE
159002,12438,5,2019-10-05 05:36:09,1,2520,FALSE
183428,19611,14,2018-06-29 18:36:59,2,3200,TRUE
118221,17150,13,2019-01-09 12:59:40,1,1000,TRUE
134732,17237,2,2019-10-06 11:43:53,1,2200,TRUE
161024,14564,2,2018-02-13 10:44:19,1,2200,TRUE
138745,17438,1,2018-02-21 14:41:35,2,4000,TRUE
107889,12257,2,2019-12-16 02:15:16,2,4400,TRUE
154560,16578,8,2019-02-19 14:43:55,1,1200,TRUE
113260,18367,4,2018-11-19 17:31:46,1,2160,FALSE
132916,18874,10,2019-10-06 09:25:13,1,2500,TRUE
160695,10488,15,2019-04-26 15:44:51,1,2700,FALSE
167725,15446,1,2017-07-01 10:49:08,3,6000,TRUE
190231,17716,14,2019-04-04 04:40:30,2,2560,FALSE
190940,18763,3,2017-10-11 20:31:57,1,1800,TRUE
164071,13868,1,2019-11-10 22:48:33,1,2000,TRUE
125954,14341,5,2018-04-05 12:35:26,1,2800,TRUE
148931,17929,15,2017-10-27 13:54:16,1,3000,TRUE
200126,13000,14,2018-10-29 17:34:23,2,3200,TRUE
187706,19540,1,2019-10-29 23:54:31,1,2000,TRUE
110073,13880,1,2019-03-23 13:18:56,1,2000,TRUE
134623,18261,4,2018-03-25 13:37:22,1,2160,FALSE
134395,19935,15,2019-06-05 10:35:37,1,3000,TRUE
138552,11758,15,2019-09-26 13:25:40,1,3000,TRUE
167470,16556,14,2017-02-03 01:19:14,1,1600,TRUE
192540,14918,9,2019-03-14 23:15:00,1,1200,TRUE
184065,10070,1,2017-04-27 10:25:37,1,1600,FALSE
119072,14811,1,2019-10-08 09:25:45,1,2000,TRUE
184556,14476,11,2019-08-20 15:37:47,1,1080,FALSE
135933,19611,2,2018-07-17 17:23:26,1,2200,TRUE
157818,17006,15,2018-03-01 10:39:44,1,3000,TRUE
104117,19940,15,2017-05-20 20:06:13,1,3000,TRUE
165630,10504,15,2017-01-01 21:08:38,1,3000,TRUE
170354,19275,1,2019-06-19 06:08:19,1,2000,TRUE
139406,18246,1,2017-06-18 09:26:26,1,2000,TRUE
111587,16347,3,2019-11-19 11:15:01,1,1440,FALSE
100532,16707,5,2018-11-24 20:02:44,1,2800,TRUE
117926,13364,2,2017-12-17 10:33:30,1,2200,TRUE
170908,10491,3,2019-11-22 10:24:59,2,3600,TRUE
114659,11790,4,2017-12-20 13:52:26,1,2400,TRUE
117454,10214,1,2018-11-07 18:03:57,1,2000,TRUE
187631,14727,1,2019-05-29 11:31:10,1,1800,FALSE
149616,15556,14,2019-02-21 20:37:23,1,1600,TRUE
183845,18023,2,2018-06-07 06:19:23,1,2200,TRUE
142062,12745,2,2019-06-19 08:09:26,1,2200,TRUE
151090,17696,5,2019-09-17 11:17:19,3,8400,TRUE
137232,17959,2,2018-5-5 15:39:59,1,2200,TRUE
155212,19669,1,2018-3-10 19:22:59,1,2000,TRUE
174826,17675,2,2017-03-12 21:01:44,1,2200,TRUE
152613,17992,1,2019-05-14 12:52:54,1,1800,FALSE
103448,19307,1,2018-03-03 16:46:04,1,2000,TRUE
139752,14370,1,2018-09-15 06:09:40,1,1800,FALSE
196935,17440,2,2019-10-21 22:12:39,1,1980,FALSE
117138,17449,12,2017-09-20 00:03:49,2,3000,TRUE
169292,14792,1,2019-08-04 12:37:01,1,1800,FALSE
161345,18769,2,2017-04-10 14:41:40,1,2200,TRUE
103832,19651,7,2018-05-07 08:07:25,1,1080,FALSE
120789,17807,2,2018-08-01 14:04:52,1,2200,TRUE
115355,16550,1,2019-09-06 09:10:38,4,8000,TRUE
168960,16305,1,2019-02-04 17:20:36,1,2000,TRUE
115169,14983,12,2018-11-26 12:13:50,3,4500,TRUE
197207,19888,5,2017-04-12 16:44:56,1,2800,TRUE
156797,15630,13,2017-02-04 07:49:05,1,1000,TRUE
198222,19576,14,2018-12-11 02:26:01,1,1600,TRUE
163441,10233,2,2018-03-29 14:30:20,1,2200,TRUE
102713,18700,2,2018-03-31 11:33:21,1,2200,TRUE
155121,14639,15,2018-03-20 15:16:30,1,3000,TRUE
105168,11575,1,2018-02-27 16:04:36,1,2000,TRUE
104288,14826,1,2019-07-08 20:34:07,1,2000,TRUE
174968,15540,14,2019-05-26 14:48:15,1,1600,TRUE
181856,13838,1,2019-06-08 17:11:34,2,4000,TRUE
104539,15704,14,2018-01-09 21:32:04,3,4800,TRUE
143599,13434,1,2019-12-20 16:35:47,1,2000,TRUE
147158,17172,2,2017-12-06 08:12:04,1,2200,TRUE
125401,11640,2,2019-09-29 23:51:56,1,1760,FALSE
198056,12282,15,2018-12-10 21:37:56,2,4800,FALSE
177809,19156,1,2019-12-17 23:22:25,2,4000,TRUE
140093,15899,14,2018-05-17 10:08:16,1,1600,TRUE
132253,16660,1,2018-06-01 08:51:35,1,2000,TRUE
130539,12914,13,2019-12-08 13:22:19,2,2000,TRUE
198380,10310,11,2019-03-26 12:22:46,3,3600,TRUE
103310,19471,4,2018-12-19 21:24:00,1,2160,FALSE
104190,14141,2,2018-06-28 23:59:23,1,2200,TRUE
159006,17673,1,2017-09-17 10:22:47,1,2000,TRUE
195377,17238,12,2019-10-30 20:02:47,1,1500,TRUE
139314,19065,1,2017-09-25 01:47:42,1,2000,TRUE
154751,17959,1,2019-08-19 13:23:36,1,2000,TRUE
171536,15868,2,2018-01-27 13:18:05,1,2200,TRUE
149235,18640,10,2017-02-17 14:56:57,1,2500,TRUE
119312,19669,10,2017-06-07 17:50:42,3,7500,TRUE
119099,19940,1,2017-06-18 11:27:10,1,2000,TRUE
171422,16332,13,2019-09-23 13:31:13,1,1000,TRUE
125185,19375,1,2018-7-23 20:59:21,4,8000,TRUE
121870,13749,14,2018-04-07 03:12:59,1,1600,TRUE
138574,19307,2,2019-12-23 22:22:00,1,2200,TRUE
157203,15045,12,2019-07-03 11:02:05,1,1500,TRUE
155025,15707,3,2018-01-27 07:00:10,1,1800,TRUE
197252,19307,14,2019-05-24 12:38:57,1,1440,FALSE
120873,19000,1,2019-08-12 21:24:23,1,2000,TRUE
171277,17101,2,2019-05-16 08:20:33,1,1980,FALSE
196423,16638,2,2018-07-23 09:38:21,1,2200,TRUE
122066,18778,13,2019-04-24 12:20:17,1,1000,TRUE
176124,15008,2,2017-01-22 09:15:28,2,4400,TRUE
183709,18576,2,2019-09-04 22:35:43,1,2200,TRUE
199215,17716,4,2019-04-08 20:27:44,1,2400,TRUE
192248,19177,15,2018-11-12 22:51:39,1,3000,TRUE
124409,17257,2,2017-07-08 21:23:53,1,2200,TRUE
123620,16598,14,2018-07-13 09:01:06,1,1440,FALSE
114077,14154,12,2019-04-22 23:43:14,1,1500,TRUE
106528,18954,14,2019-05-14 06:57:59,1,1600,TRUE
153662,17013,2,2019-03-17 12:13:09,1,2200,TRUE
185776,19611,3,2019-08-13 12:11:03,1,1800,TRUE
199714,17685,1,2017-06-07 14:01:08,1,1800,FALSE
102149,16341,1,2017-07-17 17:51:15,1,1600,FALSE
111461,16626,15,2018-07-20 02:55:12,1,3000,TRUE
164028,19611,3,2019-08-03 19:18:57,1,1800,TRUE
109291,17232,15,2017-02-05 15:07:35,1,2700,FALSE
200786,19935,15,2018-08-03 02:28:02,1,3000,TRUE
131051,19442,15,2019-05-01 10:47:25,2,6000,TRUE
193519,16653,1,2018-03-29 17:41:00,2,4000,TRUE
107827,18415,1,2018-10-21 09:37:37,4,8000,TRUE
104183,19651,10,2017-03-26 23:25:14,1,2500,TRUE
141366,17033,14,2018-08-07 20:55:59,1,1600,TRUE
191444,12177,8,2017-05-18 00:15:33,1,1200,TRUE
137524,16347,15,2019-03-12 17:37:05,1,3000,TRUE
113870,12463,9,2018-04-21 15:13:32,1,1200,TRUE
166583,14120,1,2017-01-28 19:48:14,1,2000,TRUE
134227,19690,1,2017-05-19 13:36:06,1,2000,TRUE
154638,12289,13,2018-11-12 14:59:59,1,1000,TRUE
164904,17880,1,2017-07-07 08:12:13,1,2000,TRUE
198708,16906,7,2019-04-15 17:40:40,2,2160,FALSE
150116,11041,2,2018-09-26 04:03:46,1,2200,TRUE
174056,13295,15,2018-01-27 13:45:34,2,6000,TRUE
153093,18381,1,2017-10-05 09:56:58,1,2000,TRUE
166080,17861,10,2018-6-30 09:53:37,1,2250,FALSE
168418,19342,1,2018-06-24 12:53:09,1,2000,TRUE
106354,19655,14,2019-07-10 13:04:59,1,1600,TRUE
197864,18007,14,2019-10-10 07:26:24,1,1600,TRUE
115278,16578,6,2019-01-30 16:59:19,1,3600,TRUE
162493,13270,15,2019-10-07 06:32:39,2,6000,TRUE
196720,18214,15,2019-11-24 10:00:24,1,3000,TRUE
167680,17150,14,2018-07-04 06:20:50,1,1600,TRUE
179072,17058,14,2017-07-25 06:45:59,2,3200,TRUE
114238,18778,14,2019-07-24 13:53:27,2,3200,TRUE
177744,19177,14,2019-03-28 07:31:56,1,1600,TRUE
137837,13586,1,2017-07-08 15:22:12,1,1800,FALSE
106278,15906,6,2019-01-29 20:14:42,2,7200,TRUE
145244,19940,15,2019-06-20 19:39:17,2,6000,TRUE
160107,15184,5,2017-03-10 22:57:08,1,2800,TRUE
144613,16106,14,2017-10-20 15:38:59,1,1600,TRUE
103545,17694,14,2019-08-17 11:00:09,1,1600,TRUE
154660,15592,15,2017-05-31 21:41:28,1,3000,TRUE
198582,13145,1,2017-11-10 13:46:47,1,2000,TRUE
137684,17675,2,2018-12-12 18:31:19,1,2200,TRUE
163707,15648,2,2019-10-20 14:43:50,1,2200,TRUE
166531,16121,9,2019-11-27 07:01:19,1,1200,TRUE
166568,19805,1,2018-06-13 10:25:57,1,2000,TRUE
129932,18640,1,2018-09-19 07:05:26,1,2000,TRUE
118637,19342,15,2018-07-16 18:13:00,1,3000,TRUE
185258,13563,1,2017-08-30 10:05:59,2,4000,TRUE
172775,17216,1,2019-01-31 18:56:35,1,2000,TRUE
127586,17114,11,2017-09-15 03:33:46,1,1200,TRUE
100805,10448,8,2019-11-23 14:39:13,1,1200,TRUE
177905,13252,5,2018-07-06 17:51:53,1,2800,TRUE
101044,16862,1,2018-01-21 05:09:17,1,2000,TRUE
122116,12437,4,2018-09-26 19:34:06,2,4800,TRUE
172854,18700,1,2018-05-15 14:22:48,1,2000,TRUE
139878,12371,1,2019-05-03 21:36:34,1,2000,TRUE
108341,17693,1,2019-04-12 05:18:37,1,2000,TRUE
127675,15165,15,2019-09-02 14:20:15,1,3000,TRUE
177070,17097,13,2019-01-30 15:18:58,1,1000,TRUE
146436,17673,13,2018-07-06 22:53:47,1,1000,TRUE
190668,11160,2,2017-04-06 23:29:48,1,1980,FALSE
165360,14019,4,2019-02-02 20:21:47,1,2160,FALSE
159019,18945,1,2018-07-16 15:29:03,1,2000,TRUE
168212,18367,1,2018-09-11 17:53:33,1,2000,TRUE
191182,10519,13,2019-04-08 08:39:59,1,1000,TRUE
197572,17809,1,2019-07-23 12:39:55,3,6000,TRUE
116025,19669,1,2019-04-28 13:36:47,1,1800,FALSE
159197,17230,1,2019-10-24 15:37:26,1,2000,TRUE
117621,14441,1,2019-12-02 04:22:53,1,2000,TRUE
195152,15311,2,2019-02-12 17:55:59,1,2200,TRUE
120409,16870,13,2017-1-2 11:14:59,1,1000,TRUE
193348,15444,15,2018-05-25 12:31:59,1,3000,TRUE
180038,19000,12,2017-07-17 01:25:59,1,1500,TRUE
189148,17684,2,2017-08-05 20:30:07,1,2200,TRUE
140585,15654,1,2019-02-19 08:49:11,1,2000,TRUE
109613,12142,2,2019-12-03 11:55:03,1,1760,FALSE
188013,17694,13,2019-4-24 16:57:59,1,1000,TRUE
150227,18769,15,2018-06-01 10:24:59,1,3000,TRUE
184932,19690,12,2017-09-05 18:17:00,1,1500,TRUE
125525,17928,1,2019-03-10 13:54:32,1,2000,TRUE
125525,17928,2,2019-03-10 13:54:32,1,2200,TRUE
151108,18589,1,2017-01-23 09:53:50,1,2000,TRUE
151108,18589,2,2017-01-23 09:53:50,1,2200,TRUE
180435,15208,14,2018-06-26 16:38:52,1,1280,FALSE
180435,15208,2,2018-06-26 16:38:52,1,2200,TRUE
118845,19805,1,2019-01-16 19:47:00,1,2000,TRUE
118845,19805,7,2019-01-16 19:47:00,1,1080,FALSE
122598,16669,5,2018-2-28 20:47:21,1,2800,TRUE
122598,16669,1,2018-2-28 20:47:21,1,2000,TRUE
198466,15304,2,2018-11-27 11:46:08,1,2200,TRUE
198466,15304,12,2018-11-27 11:46:08,2,3000,TRUE
110836,17058,4,2018-11-19 12:51:05,1,2400,TRUE
110836,17058,15,2018-11-19 12:51:05,1,3000,TRUE
133310,13562,15,2017-04-19 21:46:12,1,3000,TRUE
133310,13562,14,2017-04-19 21:46:12,2,3200,TRUE
145632,19505,1,2017-02-25 22:43:26,1,2000,TRUE
145632,19505,6,2017-02-25 22:43:26,1,3600,TRUE
134807,12764,15,2018-10-04 18:16:52,2,5400,FALSE
134807,12764,1,2018-10-04 18:16:52,1,2000,TRUE
163482,16106,13,2017-12-02 06:18:57,1,1000,TRUE
163482,16106,14,2017-12-02 06:18:57,1,1600,TRUE
135960,14044,2,2018-11-04 21:48:19,1,2200,TRUE
135960,14044,1,2018-11-04 21:48:19,1,2000,TRUE
120480,11674,1,2019-06-01 19:41:25,2,4000,TRUE
120480,11674,5,2019-06-01 19:41:25,1,2240,FALSE
147716,15777,12,2018-05-04 23:02:55,1,1500,TRUE
147716,15777,8,2018-05-04 23:02:55,1,1200,TRUE
118857,19655,1,2017-04-29 17:26:56,1,2000,TRUE
118857,19655,2,2017-04-29 17:26:56,1,2200,TRUE
151674,16296,5,2018-10-03 10:38:33,3,8400,TRUE
151674,16296,1,2018-10-03 10:38:33,1,2000,TRUE
172983,19392,2,2019-03-06 08:18:53,1,2200,TRUE
172983,19392,11,2019-03-06 08:18:53,1,1200,TRUE
114480,16842,15,2018-08-02 17:27:37,1,2400,FALSE
114480,16842,14,2018-08-02 17:27:37,1,1600,TRUE
195624,16448,1,2017-03-07 09:40:23,1,2000,TRUE
195624,16448,2,2017-03-07 09:40:23,1,2200,TRUE
185862,15543,4,2019-06-16 16:25:02,1,1920,FALSE
185862,15543,2,2019-06-16 16:25:02,1,2200,TRUE
137762,14012,14,2018-12-28 05:23:48,1,1600,TRUE
137762,14012,1,2018-12-28 05:23:48,1,2000,TRUE
124456,11990,2,2018-10-07 09:25:42,1,2200,TRUE
124456,11990,14,2018-10-07 09:25:42,1,1440,FALSE
155998,16800,1,2019-02-01 11:52:58,2,4000,TRUE
155998,16800,4,2019-02-01 11:52:58,1,2400,TRUE
115460,13351,15,2019-02-23 09:49:36,1,3000,TRUE
115460,13351,1,2019-02-23 09:49:36,1,2000,TRUE
175149,10161,14,2017-03-03 22:34:14,1,1600,TRUE
175149,10161,2,2017-03-03 22:34:14,1,2200,TRUE
154579,16626,14,2019-04-24 11:35:36,2,3200,TRUE
154579,16626,1,2019-04-24 11:35:36,1,2000,TRUE
110133,19651,11,2018-07-30 22:11:50,1,1200,TRUE
110133,19651,14,2018-07-30 22:11:50,3,4800,TRUE
141581,19471,2,2019-02-09 11:47:10,1,2200,TRUE
141581,19471,1,2019-02-09 11:47:10,1,1800,FALSE
169335,14444,5,2018-04-06 23:01:05,1,2800,TRUE
169335,14444,2,2018-04-06 23:01:05,1,1980,FALSE
148407,17238,2,2017-09-20 13:55:32,1,2200,TRUE
148407,17238,13,2017-09-20 13:55:32,1,1000,TRUE
144415,16668,1,2019-05-09 17:04:52,2,3200,FALSE
144415,16668,15,2019-05-09 17:04:52,1,3000,TRUE
170155,14726,10,2019-02-28 10:11:27,1,2500,TRUE
170155,14726,1,2019-02-28 10:11:27,2,4000,TRUE
131852,19505,2,2019-05-05 09:35:31,1,2200,TRUE
131852,19505,1,2019-05-05 09:35:31,1,2000,TRUE
195176,12616,1,2017-07-24 17:35:52,1,2000,TRUE
195176,12616,2,2017-07-24 17:35:52,1,2200,TRUE
100393,13576,11,2019-01-04 14:35:32,1,1200,TRUE
100393,13576,4,2019-01-04 14:35:32,1,2400,TRUE
175611,19022,1,2019-08-24 15:27:10,1,2000,TRUE
175611,19022,11,2019-08-24 15:27:10,1,1200,TRUE
171774,12248,2,2018-02-15 20:25:30,1,2200,TRUE
171774,12248,4,2018-02-15 20:25:30,1,2160,FALSE
103793,14633,15,2018-06-02 22:49:10,1,3000,TRUE
103793,14633,1,2018-06-02 22:49:10,1,2000,TRUE
106512,17101,1,2017-05-13 18:30:49,1,2000,TRUE
106512,17101,9,2017-05-13 18:30:49,1,1200,TRUE
150501,12381,1,2019-05-28 18:42:07,2,4000,TRUE
150501,12381,2,2019-05-28 18:42:07,1,2200,TRUE
113674,14494,15,2018-09-19 13:07:00,2,6000,TRUE
113674,14494,2,2018-09-19 13:07:00,1,2200,TRUE
186272,14189,15,2018-10-27 19:25:15,1,3000,TRUE
186272,14189,14,2018-10-27 19:25:15,2,3200,TRUE
131341,13632,4,2019-12-01 09:15:40,1,2400,TRUE
131341,13632,9,2019-12-01 09:15:40,1,1080,FALSE
191342,16727,3,2019-06-28 10:54:32,1,1800,TRUE
191342,16727,15,2019-06-28 10:54:32,2,6000,TRUE
194204,16682,2,2018-09-03 15:04:37,1,2200,TRUE
194204,16682,15,2018-09-03 15:04:37,1,3000,TRUE
132390,18709,2,2019-07-06 08:23:25,1,2200,TRUE
132390,18709,9,2019-07-06 08:23:25,1,1200,TRUE
177719,12485,4,2018-08-31 10:18:20,1,2160,FALSE
177719,12485,15,2018-08-31 10:18:20,1,3000,TRUE
125201,17917,8,2017-05-09 21:15:55,1,1200,TRUE
125201,17917,15,2017-05-09 21:15:55,1,3000,TRUE
142644,17692,1,2017-07-23 03:56:44,1,2000,TRUE
142644,17692,6,2017-07-23 03:56:44,1,3600,TRUE
138601,18763,1,2019-04-30 10:22:58,1,2000,TRUE
138601,18763,2,2019-04-30 10:22:58,1,2200,TRUE
153803,18763,8,2018-09-09 11:21:15,1,1200,TRUE
153803,18763,14,2018-09-09 11:21:15,2,3200,TRUE
158635,14004,1,2019-12-28 11:14:07,1,2000,TRUE
158635,14004,4,2019-12-28 11:14:07,2,4320,FALSE
189586,16660,6,2017-09-01 07:39:29,1,3600,TRUE
189586,16660,7,2017-09-01 07:39:29,1,1200,TRUE
156855,16842,4,2017-05-31 09:31:18,2,4800,TRUE
156855,16842,8,2017-05-31 09:31:18,2,2400,TRUE
159497,17022,5,2017-09-05 03:17:25,1,2800,TRUE
159497,17022,14,2017-09-05 03:17:25,1,1600,TRUE
167638,13939,2,2019-02-12 08:30:38,1,2200,TRUE
167638,13939,9,2019-02-12 08:30:38,2,2160,FALSE
191525,12465,5,2018-09-27 16:51:14,1,2800,TRUE
191525,12465,15,2018-09-27 16:51:14,1,3000,TRUE
138406,13248,1,2019-01-27 07:48:39,2,4000,TRUE
138406,13248,11,2019-01-27 07:48:39,1,1200,TRUE
168304,19655,13,2017-04-02 19:05:27,2,2000,TRUE
168304,19655,1,2017-04-02 19:05:27,1,2000,TRUE
101322,15777,13,2019-02-06 12:07:25,1,800,FALSE
101322,15777,1,2019-02-06 12:07:25,1,2000,TRUE
175771,16377,2,2019-11-13 10:41:26,1,2200,TRUE
175771,16377,12,2019-11-13 10:41:26,1,1500,TRUE
173719,15686,2,2017-12-10 12:37:18,1,2200,TRUE
173719,15686,15,2017-12-10 12:37:18,1,3000,TRUE
136331,18367,13,2017-03-13 16:54:24,1,1000,TRUE
136331,18367,15,2017-03-13 16:54:24,1,3000,TRUE
108049,17272,1,2017-8-21 23:48:59,1,2000,TRUE
108049,17272,12,2017-8-21 23:48:59,2,3000,TRUE
192249,18576,4,2017-03-08 21:14:46,4,9600,TRUE
192249,18576,5,2017-03-08 21:14:46,2,5600,TRUE
125051,17272,1,2018-08-20 14:14:30,1,2000,TRUE
125051,17272,8,2018-08-20 14:14:30,2,2400,TRUE
115969,18246,2,2019-10-01 12:29:00,1,2200,TRUE
115969,18246,1,2019-10-01 12:29:00,1,1800,FALSE
141160,19690,15,2019-10-10 10:17:14,1,3000,TRUE
141160,19690,1,2019-10-10 10:17:14,1,2000,TRUE
190050,13244,1,2019-03-31 08:08:08,2,4000,TRUE
190050,13244,14,2019-03-31 08:08:08,1,1600,TRUE
162751,18778,1,2018-06-27 10:57:49,1,1800,FALSE
162751,18778,2,2018-06-27 10:57:49,1,2200,TRUE
176364,16616,12,2018-08-15 01:23:01,1,1500,TRUE
176364,16616,1,2018-08-15 01:23:01,1,2000,TRUE
126384,16722,1,2019-07-07 13:16:57,2,4000,TRUE
126384,16722,2,2019-07-07 13:16:57,1,2200,TRUE
178949,14678,14,2019-09-09 19:33:21,1,1600,TRUE
178949,14678,1,2019-09-09 19:33:21,1,2000,TRUE
119202,15677,1,2019-09-15 23:22:15,1,1800,FALSE
119202,15677,4,2019-09-15 23:22:15,1,2400,TRUE
190487,16232,2,2017-10-28 23:05:40,1,2200,TRUE
190487,16232,1,2017-10-28 23:05:40,2,4000,TRUE
113344,15246,5,2019-02-11 17:56:49,1,2800,TRUE
113344,15246,14,2019-02-11 17:56:49,2,3200,TRUE
134566,18261,2,2018-02-09 12:26:05,2,4400,TRUE
134566,18261,12,2018-02-09 12:26:05,1,1500,TRUE
161643,11582,10,2018-03-24 13:01:45,1,2500,TRUE
161643,11582,3,2018-03-24 13:01:45,1,1800,TRUE
133473,13076,2,2019-09-13 09:53:14,1,2200,TRUE
133473,13076,1,2019-09-13 09:53:14,1,2000,TRUE
182115,19065,14,2017-08-06 15:11:41,1,1600,TRUE
182115,19065,2,2017-08-06 15:11:41,1,2200,TRUE
145981,19940,11,2017-04-07 15:57:14,1,1200,TRUE
145981,19940,1,2017-04-07 15:57:14,1,2000,TRUE
127418,13348,2,2017-05-23 10:56:59,1,2200,TRUE
127418,13348,1,2017-05-23 10:56:59,1,2000,TRUE
190374,17624,13,2018-08-24 06:08:45,1,1000,TRUE
190374,17624,1,2018-08-24 06:08:45,1,2000,TRUE
154167,18709,14,2019-10-22 15:46:27,1,1600,TRUE
154167,18709,2,2019-10-22 15:46:27,1,2200,TRUE
164290,15776,4,2017-09-09 00:55:18,1,2400,TRUE
164290,15776,2,2017-09-09 00:55:18,1,2200,TRUE
107912,18923,5,2018-04-08 13:29:23,2,5600,TRUE
107912,18923,7,2018-04-08 13:29:23,1,1200,TRUE
156534,18023,15,2019-04-11 23:53:28,1,2400,FALSE
156534,18023,4,2019-04-11 23:53:28,1,2400,TRUE
155593,17624,15,2017-02-11 12:26:36,1,3000,TRUE
155593,17624,8,2017-02-11 12:26:36,1,1200,TRUE
187375,19065,14,2019-03-21 21:29:37,2,3200,TRUE
187375,19065,9,2019-03-21 21:29:37,1,1200,TRUE
192840,17880,1,2018-09-10 09:19:16,1,2000,TRUE
192840,17880,11,2018-09-10 09:19:16,1,1200,TRUE
115412,15415,15,2018-01-03 18:01:50,1,3000,TRUE
115412,15415,13,2018-01-03 18:01:50,2,1800,FALSE
179095,19000,1,2019-08-04 19:03:35,1,2000,TRUE
179095,19000,7,2019-08-04 19:03:35,1,1200,TRUE
193148,11435,1,2018-4-30 11:03:59,1,2000,TRUE
193148,11435,12,2018-4-30 11:03:59,1,1500,TRUE
127978,14298,1,2019-12-28 12:57:45,3,6000,TRUE
127978,14298,15,2019-12-28 12:57:45,1,3000,TRUE
161746,17230,2,2018-07-09 06:42:33,2,4400,TRUE
161746,17230,1,2018-07-09 06:42:33,2,4000,TRUE
160555,16208,7,2018-12-02 10:26:44,1,1200,TRUE
160555,16208,2,2018-12-02 10:26:44,1,2200,TRUE
179110,13241,1,2019-06-29 08:59:52,1,2000,TRUE
179110,13241,6,2019-06-29 08:59:52,1,3240,FALSE
152063,11511,15,2017-07-14 15:08:01,1,3000,TRUE
152063,11511,12,2017-07-14 15:08:01,3,4500,TRUE
183163,15728,1,2019-01-18 16:47:38,1,2000,TRUE
183163,15728,2,2019-01-18 16:47:38,1,2200,TRUE
141587,14202,2,2019-08-18 03:17:22,2,4400,TRUE
141587,14202,5,2019-08-18 03:17:22,1,2800,TRUE
105494,14950,14,2019-10-29 12:20:01,1,1600,TRUE
105494,14950,1,2019-10-29 12:20:01,1,2000,TRUE
183921,15142,2,2019-08-30 18:40:32,1,2200,TRUE
183921,15142,4,2019-08-30 18:40:32,1,2400,TRUE
144596,19471,1,2018-08-04 11:08:13,1,2000,TRUE
144596,19471,11,2018-08-04 11:08:13,1,1200,TRUE
147528,14146,2,2018-01-19 12:05:10,1,2200,TRUE
147528,14146,6,2018-01-19 12:05:10,1,3600,TRUE
192771,16178,8,2019-02-19 09:53:02,1,1200,TRUE
192771,16178,15,2019-02-19 09:53:02,1,3000,TRUE
188803,11585,14,2019-02-11 11:23:47,1,1600,TRUE
188803,11585,15,2019-02-11 11:23:47,1,3000,TRUE
173619,10060,14,2018-09-05 04:04:55,1,1600,TRUE
173619,10060,9,2018-09-05 04:04:55,1,960,FALSE
104313,16720,2,2017-11-23 13:23:19,1,2200,TRUE
104313,16720,1,2017-11-23 13:23:19,2,4000,TRUE
121169,12544,15,2018-01-21 16:03:04,4,12000,TRUE
121169,12544,14,2018-01-21 16:03:04,2,3200,TRUE
194527,19540,6,2017-09-02 17:02:23,1,3600,TRUE
194527,19540,11,2017-09-02 17:02:23,2,2400,TRUE
129768,16686,2,2019-09-25 21:06:53,1,2200,TRUE
129768,16686,15,2019-09-25 21:06:53,1,3000,TRUE
198001,16056,4,2017-08-27 02:52:59,1,2400,TRUE
198001,16056,2,2017-08-27 02:52:59,1,2200,TRUE
150984,12193,1,2019-07-20 20:22:29,1,2000,TRUE
150984,12193,12,2019-07-20 20:22:29,1,1500,TRUE
191629,11846,1,2017-07-30 06:16:57,1,2000,TRUE
191629,11846,10,2017-07-30 06:16:57,1,2500,TRUE
165531,16727,1,2017-07-17 10:19:59,1,2000,TRUE
165531,16727,9,2017-07-17 10:19:59,1,1200,TRUE
175231,19690,13,2018-01-21 15:38:04,1,1000,TRUE
175231,19690,2,2018-01-21 15:38:04,2,4400,TRUE
101072,19156,1,2019-08-31 10:03:51,1,2000,TRUE
101072,19156,11,2019-08-31 10:03:51,1,1200,TRUE
119527,17257,2,2019-10-31 23:24:37,2,3960,FALSE
119527,17257,10,2019-10-31 23:24:37,1,2500,TRUE
151463,16996,12,2019-10-11 07:26:57,1,1500,TRUE
151463,16996,2,2019-10-11 07:26:57,1,2200,TRUE
199297,11697,1,2018-04-03 15:28:40,1,2000,TRUE
199297,11697,5,2018-04-03 15:28:40,1,2800,TRUE
181207,14507,8,2018-02-22 19:51:43,1,1200,TRUE
181207,14507,15,2018-02-22 19:51:43,1,3000,TRUE
111622,19940,3,2019-10-28 15:15:25,1,1800,TRUE
111622,19940,1,2019-10-28 15:15:25,1,2000,TRUE
166959,13365,14,2019-06-13 17:40:04,1,1600,TRUE
166959,13365,1,2019-06-13 17:40:04,1,2000,TRUE
118856,12772,1,2018-9-6 04:48:59,3,5400,FALSE
118856,12772,7,2018-9-6 04:48:59,1,1200,TRUE
114735,16024,1,2017-06-30 10:13:04,1,2000,TRUE
114735,16024,3,2017-06-30 10:13:04,1,1800,TRUE
188562,19156,2,2019-11-13 06:52:49,4,8800,TRUE
188562,19156,1,2019-11-13 06:52:49,1,2000,TRUE
164490,19342,1,2017-10-19 17:59:15,1,2000,TRUE
164490,19342,6,2017-10-19 17:59:15,1,3600,TRUE
177667,16253,3,2018-08-30 11:08:26,2,3600,TRUE
177667,16253,1,2018-08-30 11:08:26,3,4800,FALSE
128082,19392,5,2018-05-03 12:17:53,1,2800,TRUE
128082,19392,2,2018-05-03 12:17:53,1,2200,TRUE
167617,18954,5,2017-08-16 16:19:22,1,2800,TRUE
167617,18954,1,2017-08-16 16:19:22,1,2000,TRUE
134577,18761,5,2019-06-23 04:25:15,1,2800,TRUE
134577,18761,8,2019-06-23 04:25:15,1,1200,TRUE
129286,16862,1,2018-01-28 06:20:35,1,2000,TRUE
129286,16862,9,2018-01-28 06:20:35,1,1200,TRUE
140857,18945,4,2017-09-25 06:00:21,3,7200,TRUE
140857,18945,15,2017-09-25 06:00:21,1,3000,TRUE
134217,13597,2,2019-12-11 08:11:28,2,4400,TRUE
134217,13597,5,2019-12-11 08:11:28,1,2800,TRUE
139472,10617,10,2018-03-21 12:33:18,1,2500,TRUE
139472,10617,1,2018-03-21 12:33:18,1,2000,TRUE
113829,18700,15,2018-04-06 03:35:09,1,2400,FALSE
113829,18700,1,2018-04-06 03:35:09,1,2000,TRUE
138875,16363,1,2017-10-07 17:28:36,1,2000,TRUE
138875,16363,2,2017-10-07 17:28:36,1,2200,TRUE
119462,19888,2,2018-10-18 11:59:14,1,2200,TRUE
119462,19888,12,2018-10-18 11:59:14,1,1500,TRUE
196580,17696,1,2018-01-08 17:49:39,1,2000,TRUE
196580,17696,2,2018-01-08 17:49:39,3,6600,TRUE
194833,15220,2,2018-09-22 20:24:27,1,2200,TRUE
194833,15220,6,2018-09-22 20:24:27,2,7200,TRUE
165000,16730,14,2019-02-19 03:04:08,1,1440,FALSE
165000,16730,4,2019-02-19 03:04:08,2,4800,TRUE
150105,19935,1,2017-07-14 09:37:44,1,2000,TRUE
150105,19935,2,2017-07-14 09:37:44,1,2200,TRUE
131159,11337,11,2017-12-10 11:34:29,1,1200,TRUE
131159,11337,2,2017-12-10 11:34:29,1,2200,TRUE
198496,16290,2,2019-09-15 00:27:04,1,2200,TRUE
198496,16290,11,2019-09-15 00:27:04,1,1200,TRUE
188025,17180,2,2017-09-09 21:20:10,1,2200,TRUE
188025,17180,15,2017-09-09 21:20:10,1,2400,FALSE
189506,19392,1,2018-03-16 20:51:53,1,2000,TRUE
189506,19392,14,2018-03-16 20:51:53,1,1600,TRUE
148255,11010,5,2018-08-09 15:11:13,1,2800,TRUE
148255,11010,13,2018-08-09 15:11:13,3,3000,TRUE
193191,15810,2,2019-04-18 12:28:43,1,2200,TRUE
193191,15810,3,2019-04-18 12:28:43,1,1800,TRUE
196030,19177,1,2018-08-31 06:02:51,1,2000,TRUE
196030,19177,10,2018-08-31 06:02:51,1,2500,TRUE
168502,16446,7,2018-9-14 14:59:40,1,1200,TRUE
168502,16446,1,2018-9-14 14:59:40,1,2000,TRUE
143634,18878,15,2017-04-18 22:17:10,2,5400,FALSE
143634,18878,13,2017-04-18 22:17:10,1,1000,TRUE
104803,17025,8,2018-07-31 13:03:43,1,1200,TRUE
104803,17025,2,2018-07-31 13:03:43,1,2200,TRUE
101093,19442,13,2019-04-27 17:54:45,2,2000,TRUE
101093,19442,2,2019-04-27 17:54:45,2,4400,TRUE
101879,17817,15,2017-09-11 10:45:33,1,3000,TRUE
101879,17817,4,2017-09-11 10:45:33,1,2160,FALSE
131608,13114,2,2018-12-10 11:59:06,2,4400,TRUE
131608,13114,1,2018-12-10 11:59:06,1,2000,TRUE
187485,15994,14,2019-03-02 01:35:25,1,1440,FALSE
187485,15994,1,2019-03-02 01:35:25,1,2000,TRUE
174664,18874,14,2018-04-06 14:24:26,1,1600,TRUE
174664,18874,10,2018-04-06 14:24:26,1,2500,TRUE
137482,19655,15,2018-01-27 12:01:27,1,3000,TRUE
137482,19655,2,2018-01-27 12:01:27,1,2200,TRUE
145138,17848,5,2017-02-08 20:53:16,1,2800,TRUE
145138,17848,15,2017-02-08 20:53:16,2,6000,TRUE
163305,17917,1,2018-10-21 13:40:52,1,2000,TRUE
163305,17917,2,2018-10-21 13:40:52,1,2200,TRUE
163305,17917,10,2018-10-21 13:40:52,1,2500,TRUE
133073,16669,2,2019-05-01 23:03:40,1,2200,TRUE
133073,16669,1,2019-05-01 23:03:40,3,6000,TRUE
133073,16669,9,2019-05-01 23:03:40,2,2400,TRUE
136314,17880,5,2019-03-14 09:44:07,1,2800,TRUE
136314,17880,2,2019-03-14 09:44:07,1,2200,TRUE
136314,17880,13,2019-03-14 09:44:07,1,900,FALSE
110849,18769,1,2019-02-13 12:22:07,1,2000,TRUE
110849,18769,2,2019-02-13 12:22:07,1,2200,TRUE
110849,18769,14,2019-02-13 12:22:07,4,6400,TRUE
175492,19888,15,2019-09-03 05:57:37,1,3000,TRUE
175492,19888,2,2019-09-03 05:57:37,2,4400,TRUE
175492,19888,14,2019-09-03 05:57:37,1,1600,TRUE
197127,18923,15,2018-09-05 17:58:38,2,6000,TRUE
197127,18923,2,2018-09-05 17:58:38,1,2200,TRUE
197127,18923,8,2018-09-05 17:58:38,1,1080,FALSE
166567,14284,1,2019-04-24 21:16:59,1,2000,TRUE
166567,14284,11,2019-04-24 21:16:59,1,1080,FALSE
166567,14284,5,2019-04-24 21:16:59,2,5600,TRUE
154606,17809,6,2017-2-28 13:28:05,1,3600,TRUE
154606,17809,14,2017-2-28 13:28:05,1,1600,TRUE
154606,17809,1,2017-2-28 13:28:05,1,2000,TRUE
153226,14392,6,2019-11-28 00:31:46,1,3600,TRUE
153226,14392,13,2019-11-28 00:31:46,1,1000,TRUE
153226,14392,1,2019-11-28 00:31:46,1,2000,TRUE
173968,18214,5,2017-05-19 23:41:05,1,2520,FALSE
173968,18214,1,2017-05-19 23:41:05,1,1800,FALSE
173968,18214,12,2017-05-19 23:41:05,1,1500,TRUE
188061,17006,2,2019-08-04 23:01:29,3,6600,TRUE
188061,17006,1,2019-08-04 23:01:29,1,2000,TRUE
188061,17006,9,2019-08-04 23:01:29,1,1200,TRUE
116086,11906,3,2018-11-07 12:15:37,1,1800,TRUE
116086,11906,6,2018-11-07 12:15:37,2,7200,TRUE
116086,11906,1,2018-11-07 12:15:37,2,4000,TRUE
104652,19690,1,2018-06-07 02:22:08,1,1800,FALSE
104652,19690,2,2018-06-07 02:22:08,1,2200,TRUE
104652,19690,15,2018-06-07 02:22:08,2,6000,TRUE
103314,19540,12,2019-01-10 08:13:12,2,3000,TRUE
103314,19540,13,2019-01-10 08:13:12,1,1000,TRUE
103314,19540,5,2019-01-10 08:13:12,2,5600,TRUE
144421,16713,2,2017-11-23 20:10:58,3,6600,TRUE
144421,16713,1,2017-11-23 20:10:58,1,2000,TRUE
144421,16713,10,2017-11-23 20:10:58,1,2250,FALSE
171527,19576,2,2017-03-16 18:17:12,1,2200,TRUE
171527,19576,1,2017-03-16 18:17:12,1,2000,TRUE
171527,19576,15,2017-03-16 18:17:12,1,3000,TRUE
168570,17180,2,2018-05-11 22:08:44,1,2200,TRUE
168570,17180,4,2018-05-11 22:08:44,1,2400,TRUE
168570,17180,3,2018-05-11 22:08:44,1,1800,TRUE
127500,18338,2,2019-05-30 10:02:37,1,2200,TRUE
127500,18338,15,2019-05-30 10:02:37,1,2700,FALSE
127500,18338,6,2019-05-30 10:02:37,3,10800,TRUE
101345,10059,2,2019-09-24 10:05:45,1,2200,TRUE
101345,10059,14,2019-09-24 10:05:45,1,1600,TRUE
101345,10059,1,2019-09-24 10:05:45,3,4800,FALSE
106462,14813,15,2019-11-12 23:08:36,1,3000,TRUE
106462,14813,1,2019-11-12 23:08:36,2,4000,TRUE
106462,14813,5,2019-11-12 23:08:36,1,2800,TRUE
162825,16305,8,2019-03-08 17:28:51,1,1200,TRUE
162825,16305,14,2019-03-08 17:28:51,1,1600,TRUE
162825,16305,5,2019-03-08 17:28:51,1,2520,FALSE
116131,11463,14,2018-08-12 11:08:02,1,1440,FALSE
116131,11463,1,2018-08-12 11:08:02,1,2000,TRUE
116131,11463,6,2018-08-12 11:08:02,1,3600,TRUE
140873,13997,2,2017-04-07 22:59:25,1,2200,TRUE
140873,13997,4,2017-04-07 22:59:25,2,4800,TRUE
140873,13997,15,2017-04-07 22:59:25,1,3000,TRUE
107529,16290,2,2019-09-11 20:07:51,2,4400,TRUE
107529,16290,1,2019-09-11 20:07:51,1,2000,TRUE
107529,16290,14,2019-09-11 20:07:51,1,1600,TRUE
102403,17114,1,2019-06-15 12:41:48,1,2000,TRUE
102403,17114,6,2019-06-15 12:41:48,1,3600,TRUE
102403,17114,8,2019-06-15 12:41:48,1,1200,TRUE
179644,19275,5,2017-05-08 13:58:55,2,5600,TRUE
179644,19275,15,2017-05-08 13:58:55,1,2400,FALSE
179644,19275,3,2017-05-08 13:58:55,1,1800,TRUE
129303,14328,1,2018-12-05 21:14:26,4,8000,TRUE
129303,14328,10,2018-12-05 21:14:26,1,2250,FALSE
129303,14328,15,2018-12-05 21:14:26,1,3000,TRUE
183951,18640,6,2019-08-21 08:28:50,1,3600,TRUE
183951,18640,1,2019-08-21 08:28:50,3,6000,TRUE
183951,18640,15,2019-08-21 08:28:50,1,3000,TRUE
143886,18948,1,2019-01-21 21:40:30,1,2000,TRUE
143886,18948,2,2019-01-21 21:40:30,2,4400,TRUE
143886,18948,9,2019-01-21 21:40:30,1,1200,TRUE
178404,14243,8,2019-06-10 10:40:29,3,3600,TRUE
178404,14243,1,2019-06-10 10:40:29,1,1800,FALSE
178404,14243,14,2019-06-10 10:40:29,2,3200,TRUE
125852,12529,13,2017-08-13 11:31:16,1,1000,TRUE
125852,12529,15,2017-08-13 11:31:16,2,6000,TRUE
125852,12529,1,2017-08-13 11:31:16,1,2000,TRUE
127611,17216,7,2017-02-05 21:40:53,1,1200,TRUE
127611,17216,4,2017-02-05 21:40:53,2,4800,TRUE
127611,17216,15,2017-02-05 21:40:53,1,2700,FALSE
114258,16288,15,2018-03-24 22:54:19,1,3000,TRUE
114258,16288,1,2018-03-24 22:54:19,1,2000,TRUE
114258,16288,11,2018-03-24 22:54:19,1,1200,TRUE
116940,16570,6,2018-06-05 12:03:33,1,3600,TRUE
116940,16570,1,2018-06-05 12:03:33,1,1800,FALSE
116940,16570,2,2018-06-05 12:03:33,1,2200,TRUE
192232,14762,6,2019-01-21 04:03:59,1,3600,TRUE
192232,14762,1,2019-01-21 04:03:59,2,4000,TRUE
192232,14762,14,2019-01-21 04:03:59,1,1600,TRUE
181342,14096,1,2018-12-05 20:33:31,1,2000,TRUE
181342,14096,13,2018-12-05 20:33:31,2,1600,FALSE
181342,14096,14,2018-12-05 20:33:31,1,1600,TRUE
137808,18589,8,2017-12-26 12:09:21,1,1200,TRUE
137808,18589,5,2017-12-26 12:09:21,1,2520,FALSE
137808,18589,15,2017-12-26 12:09:21,1,3000,TRUE
154827,16550,2,2018-02-21 07:29:19,1,2200,TRUE
154827,16550,1,2018-02-21 07:29:19,1,2000,TRUE
154827,16550,9,2018-02-21 07:29:19,1,1080,FALSE
121604,18761,2,2019-12-01 20:01:27,1,2200,TRUE
121604,18761,10,2019-12-01 20:01:27,1,2500,TRUE
121604,18761,1,2019-12-01 20:01:27,1,2000,TRUE
183525,16341,1,2018-11-02 22:18:54,1,1800,FALSE
183525,16341,15,2018-11-02 22:18:54,1,2400,FALSE
183525,16341,13,2018-11-02 22:18:54,1,1000,TRUE
129794,18878,2,2018-09-02 16:42:16,1,2200,TRUE
129794,18878,15,2018-09-02 16:42:16,1,3000,TRUE
129794,18878,14,2018-09-02 16:42:16,1,1600,TRUE
179610,18007,2,2017-02-13 11:46:56,1,2200,TRUE
179610,18007,1,2017-02-13 11:46:56,1,2000,TRUE
179610,18007,8,2017-02-13 11:46:56,1,1200,TRUE
150772,16720,1,2019-10-23 18:39:00,2,4000,TRUE
150772,16720,14,2019-10-23 18:39:00,1,1280,FALSE
150772,16720,7,2019-10-23 18:39:00,2,2400,TRUE
118597,19442,12,2017-10-17 11:49:28,1,1500,TRUE
118597,19442,1,2017-10-17 11:49:28,2,4000,TRUE
118597,19442,2,2017-10-17 11:49:28,1,1980,FALSE
193702,19505,13,2017-02-05 17:35:16,2,2000,TRUE
193702,19505,2,2017-02-05 17:35:16,3,6600,TRUE
193702,19505,11,2017-02-05 17:35:16,1,1200,TRUE
105202,16940,1,2017-04-11 13:01:41,1,2000,TRUE
105202,16940,2,2017-04-11 13:01:41,1,1980,FALSE
105202,16940,14,2017-04-11 13:01:41,1,1280,FALSE
164185,16962,12,2019-06-17 15:50:39,1,1500,TRUE
164185,16962,13,2019-06-17 15:50:39,1,1000,TRUE
164185,16962,15,2019-06-17 15:50:39,1,3000,TRUE
126535,11983,9,2019-11-18 20:15:59,1,1200,TRUE
126535,11983,15,2019-11-18 20:15:59,1,2700,FALSE
126535,11983,1,2019-11-18 20:15:59,1,2000,TRUE
177656,15557,15,2019-09-11 12:06:48,2,6000,TRUE
177656,15557,13,2019-09-11 12:06:48,2,2000,TRUE
177656,15557,10,2019-09-11 12:06:48,2,5000,TRUE
198297,15645,1,2017-05-13 17:29:44,2,4000,TRUE
198297,15645,13,2017-05-13 17:29:44,1,1000,TRUE
198297,15645,5,2017-05-13 17:29:44,1,2800,TRUE
138131,17257,10,2019-01-26 08:37:28,1,2500,TRUE
138131,17257,1,2019-01-26 08:37:28,2,4000,TRUE
138131,17257,2,2019-01-26 08:37:28,1,2200,TRUE
104634,14770,1,2018-01-22 09:33:57,1,2000,TRUE
104634,14770,15,2018-01-22 09:33:57,1,3000,TRUE
104634,14770,14,2018-01-22 09:33:57,1,1600,TRUE
166501,17848,1,2019-07-16 21:54:08,1,2000,TRUE
166501,17848,2,2019-07-16 21:54:08,1,2200,TRUE
166501,17848,5,2019-07-16 21:54:08,1,2800,TRUE
174002,12021,12,2018-02-23 08:34:24,1,1500,TRUE
174002,12021,2,2018-02-23 08:34:24,1,2200,TRUE
174002,12021,9,2018-02-23 08:34:24,1,1080,FALSE
128211,15969,14,2018-03-05 19:56:58,1,1600,TRUE
128211,15969,8,2018-03-05 19:56:58,1,1200,TRUE
128211,15969,1,2018-03-05 19:56:58,2,4000,TRUE
176376,18923,2,2019-08-30 16:07:34,2,4400,TRUE
176376,18923,15,2019-08-30 16:07:34,2,6000,TRUE
176376,18923,1,2019-08-30 16:07:34,1,2000,TRUE
167429,14006,15,2017-10-10 21:32:23,1,2700,FALSE
167429,14006,14,2017-10-10 21:32:23,3,4800,TRUE
167429,14006,9,2017-10-10 21:32:23,1,1200,TRUE
167575,17694,4,2019-03-19 18:05:15,1,2400,TRUE
167575,17694,9,2019-03-19 18:05:15,1,1200,TRUE
167575,17694,1,2019-03-19 18:05:15,1,2000,TRUE
102400,11556,3,2017-02-18 01:45:30,1,1800,TRUE
102400,11556,1,2017-02-18 01:45:30,1,2000,TRUE
102400,11556,15,2017-02-18 01:45:30,1,3000,TRUE
109707,15728,14,2019-04-23 19:58:08,3,4800,TRUE
109707,15728,9,2019-04-23 19:58:08,1,1200,TRUE
109707,15728,1,2019-04-23 19:58:08,1,2000,TRUE
121930,18945,4,2018-06-11 12:34:43,2,4320,FALSE
121930,18945,1,2018-06-11 12:34:43,2,3200,FALSE
121930,18945,14,2018-06-11 12:34:43,1,1600,TRUE
182676,19392,13,2019-02-12 13:51:36,2,2000,TRUE
182676,19392,14,2019-02-12 13:51:36,1,1600,TRUE
182676,19392,15,2019-02-12 13:51:36,1,3000,TRUE
144111,18878,15,2019-04-17 10:21:37,1,3000,TRUE
144111,18878,1,2019-04-17 10:21:37,1,2000,TRUE
144111,18878,12,2019-04-17 10:21:37,1,1500,TRUE
144111,18878,11,2019-04-17 10:21:37,2,2160,FALSE
105331,14791,13,2019-01-06 10:55:32,1,1000,TRUE
105331,14791,5,2019-01-06 10:55:32,1,2800,TRUE
105331,14791,1,2019-01-06 10:55:32,2,3600,FALSE
105331,14791,2,2019-01-06 10:55:32,1,2200,TRUE
179381,16638,2,2018-11-11 19:34:14,1,2200,TRUE
179381,16638,13,2018-11-11 19:34:14,1,1000,TRUE
179381,16638,15,2018-11-11 19:34:14,1,2700,FALSE
179381,16638,9,2018-11-11 19:34:14,2,2400,TRUE
112089,14876,2,2019-07-19 10:40:36,2,4400,TRUE
112089,14876,3,2019-07-19 10:40:36,1,1800,TRUE
112089,14876,5,2019-07-19 10:40:36,1,2240,FALSE
112089,14876,4,2019-07-19 10:40:36,1,2400,TRUE
146864,11779,4,2018-06-05 19:02:56,2,4800,TRUE
146864,11779,6,2018-06-05 19:02:56,3,10800,TRUE
146864,11779,2,2018-06-05 19:02:56,1,2200,TRUE
146864,11779,1,2018-06-05 19:02:56,2,4000,TRUE
110759,17236,15,2017-05-14 22:37:32,1,3000,TRUE
110759,17236,9,2017-05-14 22:37:32,1,1080,FALSE
110759,17236,6,2017-05-14 22:37:32,1,3600,TRUE
110759,17236,13,2017-05-14 22:37:32,1,1000,TRUE
198168,14119,13,2017-04-29 13:18:55,1,900,FALSE
198168,14119,5,2017-04-29 13:18:55,1,2520,FALSE
198168,14119,15,2017-04-29 13:18:55,1,3000,TRUE
198168,14119,5,2017-04-29 13:18:55,1,2800,TRUE
200301,18381,2,2019-02-13 19:59:37,1,2200,TRUE
200301,18381,15,2019-02-13 19:59:37,1,3000,TRUE
200301,18381,1,2019-02-13 19:59:37,1,2000,TRUE
200301,18381,3,2019-02-13 19:59:37,1,1620,FALSE
198379,15149,1,2019-01-04 12:25:25,1,2000,TRUE
198379,15149,3,2019-01-04 12:25:25,1,1800,TRUE
198379,15149,4,2019-01-04 12:25:25,1,2400,TRUE
198379,15149,12,2019-01-04 12:25:25,1,1500,TRUE
155405,11388,1,2017-07-21 17:45:53,1,2000,TRUE
155405,11388,2,2017-07-21 17:45:53,1,2200,TRUE
155405,11388,10,2017-07-21 17:45:53,2,5000,TRUE
155405,11388,3,2017-07-21 17:45:53,1,1800,TRUE
144568,18709,1,2018-10-05 17:54:24,1,2000,TRUE
144568,18709,2,2018-10-05 17:54:24,1,2200,TRUE
144568,18709,14,2018-10-05 17:54:24,1,1600,TRUE
144568,18709,15,2018-10-05 17:54:24,1,3000,TRUE
